id,title,authors_or_org,year,source_type,discipline,url_or_doi,reliability_tier,relevance_score,key_claim,artistic_bridge,notes
S001,"A Model of the Trade Cycle","Nicholas Kaldor",1940,"peer-reviewed article","nonlinear macroeconomics","https://www.jstor.org/stable/1907658",A,3,"Nonlinear investment and saving responses can generate endogenous cycles.","Model bridge: nonlinear feedback can switch between convergence and oscillation.","Classic endogenous-cycle model."
S002,"Interactions Between the Multiplier Analysis and the Principle of Acceleration","Paul A. Samuelson",1939,"peer-reviewed article","business-cycle theory","https://www.jstor.org/stable/1927758",A,3,"Multiplier-accelerator feedback provides a compact mechanism for cyclical output.","Model bridge: delayed reinforcing and balancing edges can create oscillation.","Classic multiplier-accelerator source."
S003,"The Nature and Stability of Inventory Cycles","Lloyd A. Metzler",1941,"peer-reviewed article","inventory cycles","https://www.jstor.org/stable/1907315",A,3,"Inventory adjustment can propagate demand changes into business cycles.","Mechanism bridge: inventory is a delayed balancing node.","Directly relevant to a production-inventory loop."
S004,"A Growth Cycle","Richard M. Goodwin",1967,"academic book chapter","nonlinear macroeconomics","https://doi.org/10.1017/CBO9780511664508.009",A,3,"Employment and wage-share interaction can generate predator-prey-like growth cycles.","Model bridge: wage-demand and employment loops yield legible phase cycles.","Foundational Goodwin model."
S005,"A Contribution to the Theory of the Trade Cycle","John R. Hicks",1950,"academic book","business-cycle theory","https://search.worldcat.org/title/754743",A,2,"Multiplier-accelerator dynamics with ceilings and floors produce bounded cycles.","Model bridge: soft bounds can prevent unbounded visual trajectories.","Book-length classical treatment."
S006,"Finance and Economic Breakdown: Modeling Minsky's Financial Instability Hypothesis","Steve Keen",1995,"peer-reviewed article","financial instability","https://doi.org/10.1016/0167-2681(95)00016-I",A,3,"Debt-financed investment can turn stable growth into endogenous instability.","Mechanism bridge: credit edges can change a calm orbit into boom-bust behavior.","Formal Minsky-inspired dynamics."
S007,"The Financial Instability Hypothesis","Hyman P. Minsky",1992,"institutional working paper","financial instability","https://www.levyinstitute.org/pubs/wp74.pdf",A,3,"Stability can encourage leverage and thereby create later instability.","Conceptual bridge: participant-created stability can accumulate fragility.","Levy Economics Institute working paper."
S008,"Testing Goodwin: Growth Cycles in Ten OECD Countries","David Harvie",2000,"peer-reviewed article","empirical macroeconomics","https://doi.org/10.1093/cje/24.2.349",A,2,"Goodwin variables can be compared with observed wage-share and employment cycles.","Method bridge: calibrate visual states to empirically recognizable ranges.","Empirical assessment."
S009,"A Dynamic Model of Financial Balances for the United Kingdom","Stephen Burgess; Oliver Burrows; Antoine Godin; Stephen Kinsella; Stephen Millard",2016,"central-bank working paper","stock-flow macroeconomics","https://www.bankofengland.co.uk/working-paper/2016/a-dynamic-model-of-financial-balances-for-the-uk",A,3,"Sector financial balances can be modeled dynamically while preserving accounting identities.","Model bridge: node stocks and edge flows should reconcile.","Bank of England Staff Working Paper 614."
S010,"Macroeconomic Dynamics: An Essay in Circulation Analysis","Richard Goodwin",1982,"academic book","nonlinear macroeconomics","https://search.worldcat.org/title/8588673",A,2,"Circulation and accumulation can be represented as interacting dynamic processes.","Structural bridge: economy as coupled circulation rather than isolated indicators.","Academic monograph."
S011,"Complex Economic Dynamics, Volume 1","Richard H. Day",1994,"academic book","complex dynamics","https://mitpress.mit.edu/9780262540919/complex-economic-dynamics/",A,2,"Nonlinear economic adjustment can exhibit bifurcations and complex motion.","Method bridge: edge weights can cross qualitative regime boundaries.","MIT Press."
S012,"Nonlinear Dynamical Economics and Chaotic Motion","Hans-Walter Lorenz",1993,"academic book","nonlinear economics","https://doi.org/10.1007/978-3-642-78324-1",A,2,"Economic difference and differential equations can produce oscillatory and chaotic regimes.","Method bridge: regime mapping should use dynamical diagnostics rather than appearance.","Springer monograph."
S013,"Endogenous Competitive Business Cycles","Jean-Michel Grandmont",1985,"peer-reviewed article","nonlinear macroeconomics","https://doi.org/10.2307/1911650",A,2,"Deterministic general-equilibrium dynamics can support endogenous cycles.","Model bridge: cycles need not be scripted external forcing.","Econometrica."
S014,"A Rational Route to Randomness","William A. Brock; Cars H. Hommes",1997,"peer-reviewed article","heterogeneous expectations","https://doi.org/10.2307/2171948",A,2,"Switching among forecasting rules can create complex endogenous dynamics.","Mechanism bridge: adaptive expectations can enrich later versions without fake noise.","Econometrica."
S015,"Business Cycles: Theories, Evidence and Analysis","V. Zarnowitz",1985,"review chapter","business cycles","https://www.nber.org/books-and-chapters/handbook-macroeconomics-volume-1/business-cycles-theories-evidence-and-analysis",A,2,"Reviews mechanisms and empirical regularities of business cycles.","Evidence bridge: separates characteristic cycle behavior from arbitrary animation.","NBER handbook chapter."
S016,"Post-Keynesian Stock-Flow-Consistent Modelling: A Survey","Eugenio Caverzasi; Antoine Godin",2015,"review article","stock-flow consistent macroeconomics","https://doi.org/10.1093/cje/beu021",A,3,"Surveys SFC models that integrate real and financial stocks and flows.","Model bridge: enforce conservation and balance-sheet coherence.","Core SFC review."
S017,"Stock-Flow Consistent Macroeconomic Models: A Survey","Michalis Nikiforos; Gennaro Zezza",2017,"review article","stock-flow consistent macroeconomics","https://doi.org/10.1111/joes.12221",A,3,"Maps the foundations and applications of modern SFC macroeconomics.","Model bridge: choose a minimal subset without breaking accounting identities.","Journal of Economic Surveys."
S018,"Monetary Economics: An Integrated Approach to Credit, Money, Income, Production and Wealth","Wynne Godley; Marc Lavoie",2007,"academic book","stock-flow consistent macroeconomics","https://doi.org/10.1057/9780230626546",A,3,"Provides an integrated accounting and behavioral framework for monetary economies.","Structural bridge: state variables should have explicit stock or flow meanings.","Foundational SFC textbook."
S019,"Agent Based-Stock Flow Consistent Macroeconomics: Towards a Benchmark Model","Alessandro Caiani; Antoine Godin; Eugenio Caverzasi; Mauro Gallegati; Stephen Kinsella; Joseph E. Stiglitz",2016,"peer-reviewed article","agent-based SFC macroeconomics","https://doi.org/10.1016/j.jedc.2016.06.001",A,3,"Combines heterogeneous agents with stock-flow consistent accounting in a benchmark macro model.","Model bridge: realism and emergent cycles can coexist with accounting discipline.","Highly relevant hybrid approach."
S020,"A Simple Model of Three Economies with Two Currencies: The Eurozone and the USA","Wynne Godley; Marc Lavoie",2007,"peer-reviewed article","open-economy SFC","https://doi.org/10.1093/cje/bem029",A,2,"Shows how sector and currency balances transmit across linked economies.","Network bridge: directed cross-sector flows can be extended without changing core grammar.","Open-economy SFC example."
S021,"A Simplified Stock-Flow Consistent Post-Keynesian Growth Model","Claudio H. Dos Santos; Gennaro Zezza",2008,"peer-reviewed article","stock-flow consistent macroeconomics","https://doi.org/10.1111/j.1467-999X.2008.00306.x",A,3,"Demonstrates a compact SFC growth model with explicit sector balances.","Model bridge: supports a small state space suitable for interaction.","Compact benchmark."
S022,"Money, Finance and National Income Determination: An Integrated Approach","Wynne Godley",1996,"institutional working paper","stock-flow consistent macroeconomics","https://www.levyinstitute.org/pubs/wp167.pdf",A,3,"Integrates monetary stocks and financial flows with income determination.","Mechanism bridge: credit and income edges require balance-sheet counterparts.","Levy Institute Working Paper 167."
S023,"Money and Credit in a Keynesian Model of Income Determination","Wynne Godley",1999,"peer-reviewed article","monetary macroeconomics","https://doi.org/10.1093/cje/23.4.393",A,3,"Connects bank credit creation to income determination in a coherent model.","Mechanism bridge: credit is endogenous rather than an ornamental node.","Cambridge Journal of Economics."
S024,"Financialisation and the Sub-Prime Crisis: A Stock-Flow Consistent Model","Eugenio Caverzasi; Antoine Godin",2015,"peer-reviewed article","financial macroeconomics","https://doi.org/10.1111/joes.12081",A,2,"Uses SFC structure to study financialisation and crisis dynamics.","Mechanism bridge: leverage can change growth regimes.","Crisis-oriented SFC model."
S025,"A Stock-Flow Consistent Model of the Danish Economy","Alessandro Caiani; Antoine Godin; Stephen Kinsella",2020,"peer-reviewed article","empirical SFC macroeconomics","https://doi.org/10.1016/j.jedc.2020.103955",A,2,"Shows empirical estimation and simulation of an SFC national economy model.","Method bridge: parameter ranges can be grounded in observed data.","Empirical application."
S026,"Income Inequality and Macroeconomic Instability: A Stock-Flow Consistent Approach with Heterogeneous Agents","Laura Carvalho; Corrado Di Guilmi",2014,"academic working paper","distributional macroeconomics","https://doi.org/10.2139/ssrn.2500598",A,2,"Links heterogeneous income distribution to macro instability within an SFC structure.","Extension bridge: later household heterogeneity can enter without replacing core loops.","Working paper."
S027,"A Stock-Flow Consistent Input-Output Model with Applications to Energy Price Shocks","André C. Almon",1991,"technical model reference","input-output macroeconomics","https://www.inforum.umd.edu/papers/wp/wp/1991/wp9102.pdf",A,2,"Combines sector input-output structure with stock-flow accounting.","Network bridge: production edges and monetary flows can coexist.","INFORUM model tradition."
S028,"Balance Sheet Recessions with Endogenous Money","Dirk Bezemer",2010,"peer-reviewed article","monetary macroeconomics","https://doi.org/10.1080/09538250903391932",A,2,"Emphasizes balance sheets and endogenous credit in recession dynamics.","Mechanism bridge: debt stocks create path dependence after shocks.","Post-Keynesian monetary mechanism."
S029,"Seven Unsustainable Processes","Wynne Godley",1999,"institutional report","macroeconomic balances","https://www.levyinstitute.org/pubs/sevenproc.pdf",A,2,"Uses sectoral balances to identify trajectories that cannot persist.","Diagnostic bridge: controller should reveal unsustainable edge configurations.","Levy Institute strategic analysis."
S030,"Visualising Stock-Flow Consistent Models as Directed Acyclic Graphs","David Fennell; David O'Sullivan; Antoine Godin; Stephen Kinsella",2015,"conference paper","economic model visualization","https://arxiv.org/abs/1409.4541",A,3,"Shows that SFC model dependencies can be represented graphically.","Direct interface bridge: graph structure can correspond to actual equations.","Especially relevant to controller representation."
S031,"Agent-Based Macroeconomics","Herbert Dawid; Domenico Delli Gatti",2018,"review chapter","agent-based macroeconomics","https://doi.org/10.2139/ssrn.3112074",A,3,"Surveys a common structural core across macroeconomic ABMs.","Model bridge: identifies which agent sectors are necessary versus optional.","Major ABM review."
S032,"Macroeconomic Policy in DSGE and Agent-Based Models Redux: New Developments and Challenges Ahead","Giorgio Fagiolo; Andrea Roventini",2017,"review article","agent-based macroeconomics","https://doi.org/10.1016/j.jebo.2016.12.023",A,3,"Compares policy analysis in DSGE and agent-based macro models.","Evidence bridge: helps choose transparent behavioral rules over opaque realism claims.","Journal of Economic Behavior and Organization."
S033,"Schumpeter Meeting Keynes: A Policy-Friendly Model of Endogenous Growth and Business Cycles","Giovanni Dosi; Giorgio Fagiolo; Andrea Roventini",2010,"peer-reviewed article","agent-based macroeconomics","https://doi.org/10.1016/j.jedc.2010.06.018",A,3,"An agent-based model jointly generates endogenous growth and business cycles.","Model bridge: investment and demand feedback can produce unscripted cycles.","K+S model family."
S034,"An Evolutionary Model of Endogenous Business Cycles","Giovanni Dosi; Giorgio Fagiolo; Andrea Roventini",2008,"peer-reviewed article","evolutionary macroeconomics","https://doi.org/10.1016/j.csda.2008.02.015",A,3,"Evolutionary firm behavior and aggregate demand generate endogenous fluctuations.","Mechanism bridge: micro adjustment can create macro motion without sine forcing.","K+S predecessor."
S035,"Income Distribution, Credit and Fiscal Policies in an Agent-Based Keynesian Model","Giovanni Dosi; Giorgio Fagiolo; Mauro Napoletano; Andrea Roventini",2013,"peer-reviewed article","agent-based macroeconomics","https://doi.org/10.1016/j.jebo.2012.11.008",A,3,"Studies interactions among distribution, credit and fiscal policy in an ABM.","Node bridge: wages, demand, credit and government form distinct loops.","Policy extension of K+S."
S036,"Credit Money and Macroeconomic Instability in the Agent-Based Model and Simulator Eurace","Silvano Cincotti; Marco Raberto; Andrea Teglio",2010,"peer-reviewed article","agent-based macroeconomics","https://doi.org/10.5018/economics-ejournal.ja.2010-26",A,3,"Endogenous credit in a large-scale ABM can generate macro instability.","Mechanism bridge: bank credit should be stateful and feedback into production.","EURACE model."
S037,"Emergent Dynamics of a Macroeconomic Agent Based Model with Capital and Credit","Tiziana Assenza; Domenico Delli Gatti; Jakob Grazzini",2015,"peer-reviewed article","agent-based macroeconomics","https://doi.org/10.1016/j.jedc.2015.01.001",A,3,"Capital and credit interactions generate emergent aggregate dynamics.","Model bridge: compact capital-credit feedback can yield rich regimes.","Directly relevant dynamics."
S038,"Tipping Points in Macroeconomic Agent-Based Models","Stanislav Gualdi; Marco Tarzia; Francesco Zamponi; Jean-Philippe Bouchaud",2015,"peer-reviewed article","complex macroeconomics","https://doi.org/10.1016/j.jedc.2015.01.003",A,3,"A macro ABM exhibits transitions between full employment, residual unemployment and crises.","Mechanism bridge: adjustable edges can cross visible phase boundaries.","Phase-transition framing."
S039,"Macroeconomics from the Bottom-up","Domenico Delli Gatti; Edoardo Gaffeo; Mauro Gallegati; Giulio Giulioni; Antonio Palestrini",2011,"academic book","agent-based macroeconomics","https://doi.org/10.1007/978-88-470-1971-3",A,3,"Builds macro outcomes from heterogeneous interacting agents and networks.","Structural bridge: system behavior emerges from relations rather than a representative node.","Springer monograph."
S040,"A New Approach to Harrodian Instability: An Agent-Based Model","Pascal Seppecher",2012,"peer-reviewed article","agent-based macroeconomics","https://doi.org/10.3917/med.160.0117",A,2,"Behavioral adjustment can stabilize or destabilize demand-led growth.","Model bridge: bounded adjustment speeds become controllable regime parameters.","Agent-based instability."
S041,"Macroeconomic Dynamics in a Model of Firms, Households and Banks","Domenico Delli Gatti; Mauro Gallegati; Bruce Greenwald; Alberto Russo; Joseph E. Stiglitz",2010,"peer-reviewed article","agent-based financial macroeconomics","https://doi.org/10.1016/j.jebo.2010.03.022",A,3,"Firm-bank-household interaction and balance sheets produce macro dynamics.","Node bridge: real and financial sectors need explicit coupling.","Financial accelerator ABM."
S042,"The Economy Needs Agent-Based Modelling","J. Doyne Farmer; Duncan Foley",2009,"peer-reviewed perspective","complexity economics","https://doi.org/10.1038/460685a",A,2,"Argues for agent-based models as policy laboratories for out-of-equilibrium economies.","Method bridge: interactive simulation is a laboratory, not a forecast.","Nature perspective."
S043,"Agent-Based Models and Economic Policy","J. Doyne Farmer; Carsten Hepburn; Penny Mealy; Alexander Teytelboym",2023,"review article","agent-based economics","https://doi.org/10.1093/oxrep/grad017",A,2,"Reviews policy uses, validation needs and limits of economic ABMs.","Evidence bridge: realism claims require calibration and validation.","Oxford Review of Economic Policy."
S044,"An Agent-Based Model of the Housing Market","Geanakoplos et al.",2012,"institutional working paper","housing and credit cycles","https://cowles.yale.edu/sites/default/files/2022-09/d1824.pdf",A,2,"Housing, leverage and heterogeneous expectations can generate boom-bust behavior.","Extension bridge: asset-price collateral can be added later if needed.","Cowles Foundation paper."
S045,"The Bank of England's Agent-Based Model of the UK Housing Market","Arzu Baptista; J. Doyne Farmer; Marc Hinterschweiger; Katie Low; Daniel Tang; Arzu Uluc",2016,"central-bank working paper","agent-based macroprudential policy","https://www.bankofengland.co.uk/working-paper/2016/macroprudential-policy-in-an-agent-based-model-of-the-uk-housing-market",A,2,"Demonstrates central-bank use of an ABM for macroprudential policy experiments.","Method bridge: intervention levers can remain interpretable and policy-linked.","Bank of England Staff Working Paper."
S046,"The Origins of Aggregate Fluctuations in a Credit Network Economy","Domenico Delli Gatti; Mauro Gallegati; Bruce Greenwald; Alberto Russo; Joseph E. Stiglitz",2012,"peer-reviewed article","credit networks","https://doi.org/10.1007/s10614-012-9290-0",A,3,"Credit network interactions can turn idiosyncratic shocks into aggregate fluctuations.","Network bridge: topology and directed credit exposure matter dynamically.","Journal of Economic Interaction and Coordination."
S047,"The Network Origins of Aggregate Fluctuations","Daron Acemoglu; Vasco M. Carvalho; Asuman Ozdaglar; Alireza Tahbaz-Salehi",2012,"peer-reviewed article","production networks","https://doi.org/10.3982/ECTA9623",A,3,"Input-output topology can transform sectoral shocks into aggregate fluctuations.","Network bridge: edge structure is economically causal, not decorative.","Econometrica landmark."
S048,"Networks and the Macroeconomy: An Empirical Exploration","Daron Acemoglu; Ufuk Akcigit; William Kerr",2016,"peer-reviewed article","production networks","https://doi.org/10.1086/685961",A,3,"Empirically studies propagation of shocks through input-output networks.","Evidence bridge: edge direction and sector centrality should have observable consequences.","NBER Macroeconomics Annual."
S049,"Aggregate Fluctuations and the Network Structure of Intersectoral Trade","Vasco M. Carvalho",2010,"peer-reviewed article","production networks","https://doi.org/10.2139/ssrn.1498714",A,3,"Intersectoral trade structure influences aggregate volatility.","Network bridge: production dependencies provide a realistic directed graph.","Foundational network macro paper."
S050,"Production Networks: A Primer","Vasco M. Carvalho; Alireza Tahbaz-Salehi",2019,"review article","production networks","https://doi.org/10.1146/annurev-economics-080218-030212",A,3,"Reviews how production-network structure shapes aggregate outcomes.","Model bridge: identifies tractable network mechanisms and limits.","Annual Review of Economics."
S051,"The Granular Origins of Aggregate Fluctuations","Xavier Gabaix",2011,"peer-reviewed article","granular macroeconomics","https://doi.org/10.3982/ECTA8769",A,3,"Large firms or sectors can generate aggregate fluctuations through granularity.","Network bridge: unequal node influence can be realistic without arbitrary themes.","Econometrica."
S052,"The Macroeconomic Impact of Microeconomic Shocks: Beyond Hulten's Theorem","David Rezza Baqaee; Emmanuel Farhi",2019,"peer-reviewed article","production networks","https://doi.org/10.3982/ECTA15202",A,3,"Nonlinear production networks alter aggregation of micro shocks.","Model bridge: nonlinearities make edge-weight changes regime-relevant.","Econometrica."
S053,"Distortions in Production Networks","Saki Bigio; Jennifer La'O",2020,"peer-reviewed article","production networks","https://doi.org/10.1093/qje/qjaa018",A,3,"Network position determines aggregate effects of sectoral distortions.","Network bridge: centrality can inform node placement and impact.","Quarterly Journal of Economics."
S054,"Input Specificity and the Propagation of Idiosyncratic Shocks in Production Networks","Jean-Noël Barrot; Julien Sauvagnat",2016,"peer-reviewed article","production networks","https://doi.org/10.1093/qje/qjw018",A,3,"Specific supplier relationships strengthen shock propagation.","Mechanism bridge: low substitutability can amplify selected edges.","Quarterly Journal of Economics."
S055,"Input Linkages and the Transmission of Shocks: Firm-Level Evidence from the 2011 Tōhoku Earthquake","Christoph E. Boehm; Aaron Flaaen; Nitya Pandalai-Nayar",2019,"peer-reviewed article","production networks","https://doi.org/10.1162/rest_a_00750",A,3,"Firm-level supplier links transmitted a real disruption through production chains.","Evidence bridge: directed supply edges support delayed propagation.","Review of Economics and Statistics."
S056,"How Important Are Sectoral Shocks?","Enghin Atalay",2017,"peer-reviewed article","production networks","https://doi.org/10.1257/mac.20160353",A,2,"Evaluates sectoral shocks and network transmission in aggregate fluctuations.","Calibration bridge: distinguishes shock size from propagation strength.","AEJ Macroeconomics."
S057,"Sectoral versus Aggregate Shocks: A Structural Factor Analysis of Industrial Production","Andrew Foerster; Pierre-Daniel Sarte; Mark Watson",2011,"peer-reviewed article","sectoral business cycles","https://doi.org/10.1086/658851",A,2,"Separates common and sector-specific drivers of industrial production.","Evidence bridge: network dynamics should not attribute everything to one aggregate node.","Journal of Political Economy."
S058,"A Multi-Sector Model of the American Economy","Michael Horvath",2000,"peer-reviewed article","multisector macroeconomics","https://doi.org/10.1006/jeea.2000.0201",A,2,"Multisector input linkages can alter aggregate comovement and volatility.","Model bridge: sector coupling supplies realistic propagation delays.","Review of Economic Dynamics."
S059,"Real Business Cycles","John B. Long; Charles I. Plosser",1983,"peer-reviewed article","multisector business cycles","https://doi.org/10.1086/261128",A,2,"Presents a multisector equilibrium model of business-cycle comovement.","Historical bridge: sector networks have long been used to explain comovement.","Journal of Political Economy."
S060,"Intermediate Goods and Weak Links in the Theory of Economic Development","Charles I. Jones",2011,"peer-reviewed article","input-output economics","https://doi.org/10.1257/mac.3.2.1",A,2,"Intermediate-input complementarity creates weak-link amplification.","Mechanism bridge: bottleneck edges can generate nonlinear downturns.","AEJ Macroeconomics."
S061,"A Theory of Input-Output Architecture","Ezra Oberfield",2018,"peer-reviewed article","production networks","https://doi.org/10.3982/ECTA12251",A,2,"Production network architecture can arise endogenously from sourcing decisions.","Extension bridge: future topology changes can be grounded in sourcing logic.","Econometrica."
S062,"The Domar Weighting Scheme for Industry-Level Productivity Growth","Charles R. Hulten",1978,"peer-reviewed article","growth accounting","https://doi.org/10.1086/260724",A,2,"Domar weights connect industry productivity to aggregate outcomes.","Measurement bridge: node contributions should reflect network exposure.","Review of Economics and Statistics."
S063,"The Structure of Production","Markus Brunnermeier; Yuliy Sannikov",2016,"working paper","production and financial networks","https://www.nber.org/papers/w22589",A,2,"Studies how production structure interacts with financial constraints.","Cross-cluster bridge: credit and production networks should not remain independent.","NBER Working Paper."
S064,"Propagation of Regional Shocks in Housing Markets: Evidence from Oil Price Shocks in Canada","Gabriel Chodorow-Reich et al.",2021,"peer-reviewed article","regional networks","https://doi.org/10.1257/aer.20190811",A,1,"Regional exposure and linkages propagate localized shocks.","Context bridge: spatial networks are a later extension, not required core.","Supporting network evidence."
S065,"Production Networks and International Fiscal Spillovers","Michael B. Devereux; Karine Gente; Changhua Yu",2023,"peer-reviewed article","international production networks","https://doi.org/10.1016/j.jinteco.2023.103731",A,2,"Fiscal shocks transmit across countries through production networks.","Mechanism bridge: government demand can enter through real input relations.","International extension."
S066,"Financial Networks and Contagion","Matthew Elliott; Benjamin Golub; Matthew O. Jackson",2014,"peer-reviewed article","financial networks","https://doi.org/10.1257/aer.104.10.3115",A,3,"Network integration can diversify small shocks yet amplify sufficiently large losses.","Mechanism bridge: the same edge can stabilize or destabilize by regime.","American Economic Review."
S067,"Systemic Risk and Stability in Financial Networks","Daron Acemoglu; Asuman Ozdaglar; Alireza Tahbaz-Salehi",2015,"peer-reviewed article","financial networks","https://doi.org/10.1257/aer.20130456",A,3,"Dense financial connections can improve stability for small shocks but spread large shocks.","Mechanism bridge: edge strengthening has non-monotonic consequences.","American Economic Review."
S068,"Systemic Risk in Financial Systems","Larry Eisenberg; Thomas H. Noe",2001,"peer-reviewed article","financial clearing networks","https://doi.org/10.1287/mnsc.47.2.236.9835",A,3,"Defines clearing payments in networks of interdependent liabilities.","Accounting bridge: financial edges can conserve obligations and transmit default.","Management Science."
S069,"Financial Contagion","Franklin Allen; Douglas Gale",2000,"peer-reviewed article","financial networks","https://doi.org/10.1086/262109",A,3,"Interbank claims can share liquidity risk or transmit contagion depending on topology.","Mechanism bridge: connectivity can have two opposing roles.","Journal of Political Economy."
S070,"Contagion in Financial Networks","Prasanna Gai; Sujit Kapadia",2010,"central-bank working paper","financial networks","https://www.bankofengland.co.uk/working-paper/2010/contagion-in-financial-networks",A,3,"Models default cascades and robust-yet-fragile network behavior.","Mechanism bridge: rare cascades provide nonlinear crisis transitions.","Bank of England Working Paper 383."
S071,"DebtRank: Too Central to Fail? Financial Networks, the FED and Systemic Risk","Stefano Battiston; Michelangelo Puliga; Rahul Kaushik; Paolo Tasca; Guido Caldarelli",2012,"peer-reviewed article","systemic risk","https://doi.org/10.1038/srep00541",A,2,"Introduces a recursive measure of distress propagation through financial networks.","Method bridge: edge flows can expose system-wide influence without decorative animation.","Scientific Reports."
S072,"Network Models of Financial Systemic Risk: A Review","Fabio Caccioli; Paolo Barucca; Teruyoshi Kobayashi",2018,"review article","financial networks","https://doi.org/10.1007/s42001-017-0008-3",A,3,"Reviews default cascades, overlapping portfolios and empirical interbank networks.","Scope bridge: helps exclude mechanisms too complex for the first model.","Journal of Computational Social Science."
S073,"Systemic Risk in Financial Networks: A Survey","Matthew O. Jackson; Agathe Pernoud",2021,"review article","financial networks","https://doi.org/10.1146/annurev-economics-083120-111540",A,3,"Surveys direct contagion, fire sales, runs, credit freezes and network formation.","Model bridge: supports selecting credit freeze rather than full default cascades for v1.","Annual Review of Economics."
S074,"How Likely Is Contagion in Financial Networks?","Paul Glasserman; H. Peyton Young",2015,"peer-reviewed article","financial networks","https://doi.org/10.1016/j.jbankfin.2014.02.006",A,2,"Provides conditions governing loss amplification and contagion likelihood.","Method bridge: stability checks need explicit bounds and stress tests.","Journal of Banking and Finance."
S075,"The Dynamics of the Leverage Cycle","Christoph Aymanns; J. Doyne Farmer",2015,"peer-reviewed article","leverage cycles","https://doi.org/10.1016/j.jedc.2015.04.015",A,3,"Risk-sensitive leverage adjustment can generate endogenous leverage cycles and instability.","Mechanism bridge: bank risk appetite can be a slow destabilizing state.","Journal of Economic Dynamics and Control."
S076,"Elimination of Systemic Risk in Financial Networks by Means of a Systemic Risk Transaction Tax","Sebastian Poledna; Stefan Thurner",2016,"peer-reviewed article","financial networks","https://doi.org/10.1080/14697688.2015.1110170",A,2,"Network-aware intervention can reduce systemic risk more efficiently than volume-only rules.","Interaction bridge: edge-specific interventions can matter more than global damping.","Quantitative Finance."
S077,"A Macroeconomic Model with a Financial Sector","Markus Brunnermeier; Yuliy Sannikov",2014,"peer-reviewed article","macro-financial dynamics","https://doi.org/10.1257/aer.104.2.379",A,3,"Nonlinear financial amplification creates asymmetric responses and volatility near constrained states.","Mechanism bridge: calm and crisis regimes can coexist in one deterministic model.","American Economic Review."
S078,"Liquidity and Leverage","Tobias Adrian; Hyun Song Shin",2010,"peer-reviewed article","financial cycles","https://doi.org/10.1016/j.jfi.2008.12.002",A,3,"Intermediary balance-sheet leverage is procyclical and linked to liquidity.","Node bridge: credit availability should depend on bank leverage or capital.","Journal of Financial Intermediation."
S079,"The Financial Accelerator in a Quantitative Business Cycle Framework","Ben S. Bernanke; Mark Gertler; Simon Gilchrist",1999,"handbook chapter","macro-financial economics","https://doi.org/10.1016/S1574-0048(99)10034-X",A,3,"Borrower net worth and external finance premia amplify real shocks.","Mechanism bridge: profits-credit-investment form a reinforcing loop.","Handbook of Macroeconomics."
S080,"Credit Cycles","Nobuhiro Kiyotaki; John Moore",1997,"peer-reviewed article","macro-financial economics","https://doi.org/10.1086/262072",A,3,"Collateral constraints propagate and amplify shocks over time.","Mechanism bridge: delayed balance-sheet recovery produces persistence.","Journal of Political Economy."
S081,"Inventories and the Business Cycle: An Overview","Alan S. Blinder; Louis J. Maccini",1991,"peer-reviewed review","inventory economics","https://doi.org/10.2307/2728145",A,3,"Reviews why inventory movements are central to business-cycle fluctuations.","Node bridge: inventory gap deserves an explicit state rather than hidden damping.","Journal of Economic Perspectives."
S082,"Inventories","Valerie A. Ramey; Kenneth D. West",1999,"handbook chapter","inventory economics","https://doi.org/10.1016/S1574-0048(99)10010-7",A,3,"Reviews inventory facts and models across the business cycle.","Calibration bridge: inventory adjustment speed and persistence need plausible ranges.","Handbook of Macroeconomics."
S083,"Inventories and the Business Cycle: An Equilibrium Analysis of (S,s) Policies","Aubhik Khan; Julia K. Thomas",2007,"peer-reviewed article","inventory economics","https://doi.org/10.1257/aer.97.4.1165",A,2,"Studies firm inventory policies and their aggregate business-cycle implications.","Mechanism bridge: nonlinear restocking thresholds can be a later extension.","American Economic Review."
S084,"What Inventory Behavior Tells Us about Business Cycles","Mark Bils; James A. Kahn",2000,"peer-reviewed article","inventory economics","https://doi.org/10.1257/aer.90.3.458",A,3,"Inventory-sales relationships reveal demand persistence and production adjustment.","Evidence bridge: demand and production should not move simultaneously by construction.","American Economic Review."
S085,"Modeling Managerial Behavior: Misperceptions of Feedback in a Dynamic Decision Making Experiment","John D. Sterman",1989,"peer-reviewed article","system dynamics","https://doi.org/10.1287/mnsc.35.3.321",A,2,"People systematically misread delayed feedback in inventory systems.","Interaction bridge: controller changes should produce delayed but learnable consequences.","Management Science."
S086,"Information Distortion in a Supply Chain: The Bullwhip Effect","Hau L. Lee; V. Padmanabhan; Seungjin Whang",1997,"peer-reviewed article","supply-chain dynamics","https://doi.org/10.1287/mnsc.43.4.546",A,2,"Ordering and information delays can amplify demand variability upstream.","Mechanism bridge: delayed directed production edges can amplify modest shocks.","Management Science."
S087,"Discretion versus Policy Rules in Practice","John B. Taylor",1993,"peer-reviewed article","monetary policy","https://doi.org/10.1016/0167-2231(93)90009-L",A,3,"A simple interest-rate feedback rule responds to inflation and activity.","Node bridge: policy stance can be a balancing feedback with adjustable gains.","Carnegie-Rochester Conference Series."
S088,"Monetary Policy Rules and Macroeconomic Stability: Evidence and Some Theory","Richard Clarida; Jordi Galí; Mark Gertler",2000,"peer-reviewed article","monetary policy","https://doi.org/10.1162/003355300554692",A,3,"Policy feedback coefficients affect determinacy and macro stability.","Mechanism bridge: policy edge weights can move the system between stable and unstable regimes.","Quarterly Journal of Economics."
S089,"Nominal Rigidities and the Dynamic Effects of a Shock to Monetary Policy","Lawrence J. Christiano; Martin Eichenbaum; Charles L. Evans",2005,"peer-reviewed article","monetary transmission","https://doi.org/10.1086/426038",A,2,"Investment, consumption, inflation and output respond persistently to monetary shocks.","Timing bridge: policy effects should propagate with inertia rather than instantly.","Journal of Political Economy."
S090,"Shocks and Frictions in US Business Cycles: A Bayesian DSGE Approach","Frank Smets; Rafael Wouters",2007,"peer-reviewed article","empirical macroeconomics","https://doi.org/10.1257/aer.97.3.586",A,2,"Estimates a medium-scale model with nominal and real frictions against US data.","Calibration bridge: provides plausible signs and persistence even if v1 is not DSGE.","American Economic Review."
S091,"Input-Output Accounts Data","U.S. Bureau of Economic Analysis",2025,"official dataset","national accounts","https://www.bea.gov/industry/input-output-accounts-data",A,3,"Provides official US supply-use and input-output relationships.","Data bridge: calibrate direction and rough strength of production dependencies.","Official dataset portal."
S092,"Inter-Country Input-Output Tables","OECD",2023,"official dataset","international production networks","https://www.oecd.org/sti/ind/inter-country-input-output-tables.htm",A,3,"Provides internationally harmonized inter-country production linkages.","Data bridge: supports future open-economy or sector-network variants.","Official OECD database."
S093,"World Input-Output Database","WIOD Consortium",2016,"official research dataset","global input-output economics","https://www.rug.nl/ggdc/valuechain/wiod/",A,3,"Provides world input-output tables and socioeconomic accounts.","Data bridge: empirical network topology reference.","University-hosted research database."
S094,"Supply, Use and Input-Output Tables","Eurostat",2025,"official dataset","European national accounts","https://ec.europa.eu/eurostat/web/esa-supply-use-input-tables",A,2,"Provides harmonized European supply-use and input-output tables.","Data bridge: alternative calibration source for production edges.","Official EU dataset."
S095,"Financial Accounts of the United States (Z.1)","Federal Reserve Board",2025,"official dataset","sector balance sheets","https://www.federalreserve.gov/releases/z1/",A,3,"Provides sector financial assets, liabilities and flows.","Data bridge: calibrate household, firm, bank and government balance relations.","Official Federal Reserve release."
S096,"FRED Economic Data","Federal Reserve Bank of St. Louis",2025,"official database","macroeconomic time series","https://fred.stlouisfed.org/",A,3,"Aggregates official macroeconomic time series with stable identifiers.","Data bridge: compare simulated periods, signs and lag structure with observed series.","Official Federal Reserve database."
S097,"Total Credit to the Non-Financial Sector","Bank for International Settlements",2025,"official dataset","credit cycles","https://www.bis.org/statistics/totcredit.htm",A,3,"Provides long-run private and public credit series across economies.","Data bridge: ground credit stock and leverage ranges.","Official BIS statistics."
S098,"Credit-to-GDP Gaps","Bank for International Settlements",2025,"official dataset","financial cycles","https://www.bis.org/statistics/c_gaps.htm",A,3,"Provides standardized credit-gap indicators used in macroprudential analysis.","Data bridge: assess whether simulated credit booms are plausible.","Official BIS statistics."
S099,"International Financial Statistics","International Monetary Fund",2025,"official dataset","international macroeconomics","https://data.imf.org/IFS",A,2,"Provides monetary, financial, price and external-sector time series.","Data bridge: cross-country calibration and validation.","Official IMF database."
S100,"World Economic Outlook Database","International Monetary Fund",2025,"official dataset","macroeconomic aggregates","https://www.imf.org/en/Publications/WEO/weo-database/2025/April",A,2,"Provides comparable GDP, inflation, unemployment and fiscal series.","Data bridge: empirical ranges for aggregate observables.","Official IMF database."
S101,"World Development Indicators","World Bank",2025,"official dataset","development macroeconomics","https://databank.worldbank.org/source/world-development-indicators",A,2,"Provides cross-country macroeconomic and structural indicators.","Data bridge: test parameter robustness across different economic structures.","Official World Bank database."
S102,"ILOSTAT Data Explorer","International Labour Organization",2025,"official dataset","labor economics","https://rshiny.ilo.org/dataexplorer/",A,2,"Provides employment, unemployment, wages and labor-force indicators.","Data bridge: ground employment-wage loop ranges.","Official ILO database."
S103,"Productivity and Costs","U.S. Bureau of Labor Statistics",2025,"official dataset","productivity","https://www.bls.gov/lpc/",A,2,"Provides official labor productivity, output, hours and unit labor cost series.","Data bridge: connect production, employment and wage cost observables.","Official BLS program."
S104,"Main Economic Indicators","OECD",2025,"official dataset","business-cycle indicators","https://www.oecd.org/sdd/leading-indicators/",A,2,"Provides comparable short-term indicators and composite leading indicators.","Data bridge: check qualitative timing and phase relations.","Official OECD statistics."
S105,"ECB Data Portal","European Central Bank",2025,"official dataset","monetary and financial statistics","https://data.ecb.europa.eu/",A,2,"Provides euro-area monetary, lending, rates, prices and real-economy series.","Data bridge: policy-credit-inflation calibration source.","Official ECB database."
S106,"System of National Accounts 2008","United Nations; European Commission; IMF; OECD; World Bank",2009,"international standard","national accounting","https://unstats.un.org/unsd/nationalaccount/docs/SNA2008.pdf",A,3,"Defines internationally accepted stocks, flows, sectors and accounting identities.","Method bridge: model state names and flows should respect real accounting categories.","International statistical standard."
S107,"OECD System of Composite Leading Indicators","OECD",2012,"technical reference","business-cycle measurement","https://www.oecd.org/sdd/leading-indicators/41629509.pdf",A,2,"Documents construction and interpretation of composite leading indicators.","Method bridge: informs validation of phase and turning points.","Official methodology."
S108,"Financial Cycle Measurement: A Review","Bank for International Settlements",2014,"institutional working paper","financial-cycle measurement","https://www.bis.org/publ/work421.htm",A,2,"Reviews frequency and measurement of financial cycles relative to business cycles.","Method bridge: credit dynamics may operate on a slower timescale than inventories.","BIS Working Paper 421."
S109,"Minsky: System Dynamics for Economics","Steve Keen and collaborators",2025,"research software","stock-flow consistent simulation","https://sourceforge.net/projects/minsky/",B,2,"Implements visual stock-flow consistent economic modeling with accounting tables.","Technical bridge: precedent for editable causal-economic graphs.","Open-source research tool."
S110,"LSD: Laboratory for Simulation Development","Marco Valente; Mauro Gallegati et al.",2025,"research software","agent-based simulation","https://www.labsimdev.org/",B,2,"Supports modular discrete-time economic simulation and sensitivity experiments.","Technical bridge: precedent for repeatable parameter sweeps and model modules.","Research simulation platform."
